,avgGas,timestamp,samples,tokenPrice_open,tokenPrice_close,tokenPrice_low,tokenPrice_high,txFee_open,txFee_close,txFee_low,txFee_high,gasPrice_open,gasPrice_close,gasPrice_low,gasPrice_high,token_name
0,147392.4949133333,2024-05-01T12:55:51.282Z,30,3330.94,3330.94,3330.94,3330.94,0.634284294652716,1.299473142297098,0.2135511541595663,1.299473142297098,1.5851,1.7926,0.5074,2.1604,sepolia
1,144335.47116000004,2024-05-01T12:25:49.554Z,30,3330.94,3330.94,3330.94,3330.94,0.9364629731358735,1.7318635118907542,0.5153227863732381,2.63123957532862,1.6224,3.9871,1.1644,5.1305,sepolia
2,167657.5825566667,2024-05-01T11:55:47.958Z,30,3330.94,3330.94,3330.94,3330.94,2.148486606960001,0.6725915030522105,0.63188563512771,2.7385006651807426,3.3766,1.4359,1.2902,4.1896,sepolia
3,160629.23750999998,2024-05-01T11:25:46.302Z,30,3330.94,3330.94,3330.94,3330.94,0.7485269558348367,0.4903202849974766,0.33042240966378655,1.1719001211762712,1.6961,1.1441,0.607,1.7175,sepolia
4,165309.21226666667,2024-05-01T10:55:44.657Z,30,3330.94,3330.94,3330.94,3330.94,0.5593600893432404,0.48066877275083086,0.46213891625154696,1.0608748382399427,1.1863,1.0692,1.065,1.6904,sepolia
5,151816.63053999998,2024-05-01T10:25:43.087Z,30,3330.94,3330.94,3330.94,3330.94,0.5900831746900601,0.5117479441378708,0.44607858176101456,1.0227739154217794,1.0582,1.2635,0.8972,1.5666,sepolia
6,161149.50387000002,2024-05-01T09:55:41.405Z,30,3330.94,3330.94,3330.94,3330.94,0.7276141698590234,0.5641423772141935,0.4147240369860641,0.8319530556052096,1.5504,1.0117,0.9007,1.5504,sepolia
7,165687.50982333338,2024-05-01T09:25:39.836Z,30,3330.94,3330.94,3330.94,3330.94,0.7238826321743939,0.4706815739057419,0.46674530564075495,0.8521170567348364,1.1257,1.0014,0.9004,1.5077,sepolia
8,178355.30864827585,2024-05-01T08:56:38.277Z,29,3330.94,3330.94,3330.94,3330.94,2.157673953177383,0.5813014798672701,0.255776093740237,2.157673953177383,1.5011,1.0005,0.5308,1.5012,sepolia
9,158661.97603666663,2024-05-01T08:26:36.680Z,30,3330.94,3330.94,3330.94,3330.94,0.667125500004679,0.13853011066323379,0.0993152581977606,0.9983968273927877,1.0007,0.3012,0.1513,1.5007,sepolia
10,168364.14239999995,2024-05-01T07:56:35.080Z,30,3330.94,3330.94,3330.94,3330.94,0.25706422902402815,0.00964202509458189,0.00964202509458189,0.7596609294774066,1.5006,0.0167,0.0166,1.5006,sepolia
11,169970.50479999997,2024-05-01T07:26:33.555Z,30,3330.94,3330.94,3330.94,3330.94,0.6664002177335188,0.6268973894155395,0.008193170060286064,1.2220146100536726,0.0166,1.0005,0.0166,1.5006,sepolia
12,165516.46740000002,2024-05-01T06:56:31.921Z,30,3330.94,3330.94,3330.94,3330.94,0.45218017948989836,0.04669748585918109,0.04669748585918109,1.1903737050846064,1.0005,0.0762,0.0762,1.5006,sepolia
13,147332.48064999998,2024-05-01T06:26:30.481Z,30,3330.94,3330.94,3330.94,3330.94,0.474353409041535,0.22429888510005672,0.02626909553006315,1.2302178628539495,1.0005,0.5039,0.0647,1.5005,sepolia
14,160957.42276666666,2024-05-01T05:56:28.735Z,30,3330.94,3330.94,3330.94,3330.94,0.42951490991360675,0.3038697020937487,0.05076558340819876,0.8064246569735186,1.0025,0.5008,0.1258,1.5025,sepolia
15,162428.97561999998,2024-05-01T05:26:27.137Z,30,3330.94,3330.94,3330.94,3330.94,0.6881014446097465,0.5101748084082302,0.06121834974234711,0.816120244132839,1.0005,1.0005,0.0636,1.5005,sepolia
16,184062.90118666663,2024-05-01T04:56:25.560Z,30,3330.94,3330.94,3330.94,3330.94,0.42771401415403415,0.9071197390256417,0.25564955915135035,0.9474652915741,1.0006,1.0006,0.2509,1.5007,sepolia
17,207621.06428666663,2024-05-01T04:26:23.972Z,30,3330.94,3330.94,3330.94,3330.94,0.7698584271016803,0.4577503974997896,0.34939854868578474,2.7862008849042375,1.0005,1.0006,0.5437,2.0008,sepolia
18,191180.50570333336,2024-05-01T03:56:22.380Z,30,3330.94,3330.94,3330.94,3330.94,0.929966548416691,0.30015300681544754,0.29855298263198804,0.9924497367116342,1.0005,0.5004,0.5004,1.5006,sepolia
19,205182.88735999996,2024-05-01T03:26:20.742Z,30,3330.94,3330.94,3330.94,3330.94,0.3021892039834182,0.9220299134975285,0.17259532834661503,1.3298936826546341,1.5006,1.0005,0.1,1.5006,sepolia
20,201738.51756666665,2024-05-01T02:56:19.095Z,30,3330.94,3330.94,3330.94,3330.94,0.45609864808446476,0.5645240285082392,0.3444796684026175,1.3297036671552906,1.1005,1.0005,0.5305,1.5005,sepolia
21,232522.70421666664,2024-05-01T02:26:17.237Z,30,3330.94,3330.94,3330.94,3330.94,0.5459501931581584,0.07541250441693902,0.044887310030285836,1.8701212071744349,1.0006,0.1005,0.1003,1.5007,sepolia
22,216532.8648166666,2024-05-01T01:56:15.454Z,30,3330.94,3330.94,3330.94,3330.94,1.1990053758699517,0.7204389907280075,0.037516571688804415,1.1990053758699517,1.0005,1.0006,0.1003,1.0709,sepolia
23,208324.50841999997,2024-05-01T01:26:13.854Z,30,3330.94,3330.94,3330.94,3330.94,1.0274057547087312,0.4991300606260612,0.38611024459000004,1.3044476936058818,1.0005,1.0006,0.2505,2.4274,sepolia
24,217587.9197166667,2024-05-01T00:56:12.117Z,30,3330.94,3330.94,3330.94,3330.94,0.37975810526393605,0.4359766508073691,0.22308171470889565,1.30403458284876,1.0005,0.7507,0.2,2.0007,sepolia
25,196721.0795966667,2024-05-01T00:26:10.438Z,30,3330.94,3330.94,3330.94,3330.94,0.43642622626242555,0.5368302300740242,0.14205294888477818,1.3553917094902437,0.5005,1.0004,0.2504,2.0018,sepolia
26,226626.66090666663,2024-04-30T23:56:08.655Z,30,3330.94,3330.94,3330.94,3330.94,0.8893787719921709,0.5015292000087819,0.06347969476184119,1.618949460713161,1.0003,1.0003,0.1,1.5005,sepolia
27,222729.6139233333,2024-04-30T23:26:06.997Z,30,3330.94,3330.94,3330.94,3330.94,0.3646143168783927,0.6341762905878532,0.28497229236913235,1.2138275633055227,1.0004,0.8421,0.5004,1.1443,sepolia
28,199168.90859666665,2024-04-30T22:56:05.229Z,30,3330.94,3330.94,3330.94,3330.94,0.4349242483007306,0.7923192145154224,0.13057826909472398,1.0192676787856318,1.0006,1.0005,0.3005,1.2111,sepolia
29,200837.0422133333,2024-04-30T22:26:03.666Z,30,3330.94,3330.94,3330.94,3330.94,0.52842684270848,0.922083564828428,0.165151871862808,1.1644704249626914,1.0005,1.5004,0.1006,1.5004,sepolia
30,193742.64104,2024-04-30T21:56:02.196Z,30,3330.94,3330.94,3330.94,3330.94,0.09576455201172498,0.6431414692196101,0.09576455201172498,0.9867167241706678,0.2504,1.0006,0.2503,1.5007,sepolia
31,196749.46809666665,2024-04-30T21:26:00.307Z,30,3330.94,3330.94,3330.94,3330.94,0.5990564777236049,0.6287091246561726,0.37861478203118454,1.2566644493434707,1.0006,1.0006,0.5509,1.5006,sepolia
32,197608.43643666664,2024-04-30T20:55:58.544Z,30,3330.94,3330.94,3330.94,3330.94,0.5785513445857816,0.46802486223463763,0.3831510017600755,1.16839820219542,1.0007,1.0003,0.76,2.0006,sepolia
33,191242.65070333335,2024-04-30T20:25:56.956Z,30,3330.94,3330.94,3330.94,3330.94,0.47275407618704485,0.3582796028393163,0.001096958675356243,1.6013920197731084,1.0006,1.0014,0.0006,1.7955,sepolia
34,148835.14095666664,2024-04-30T19:55:55.195Z,30,3330.94,3330.94,3330.94,3330.94,0.38925872692380004,0.5796372495868786,0.37338193881893883,1.2765470956490108,1.0018,1.0423,1.0016,1.5532,sepolia
35,187969.59894333335,2024-04-30T19:25:53.548Z,30,3330.94,3330.94,3330.94,3330.94,0.55861926419192,2.457319008335403,0.4864986916508381,2.457319008335403,1.0417,1.2386,1.0409,1.6168,sepolia
36,204309.70705666667,2024-04-30T18:55:51.833Z,30,3330.94,3330.94,3330.94,3330.94,0.5991356208231967,1.6408601598899446,0.4273003687715828,1.9081288737295055,1.1006,1.1195,1.0534,1.6143,sepolia
37,168474.95613000004,2024-04-30T18:25:50.447Z,30,3330.94,3330.94,3330.94,3330.94,0.6927513312954557,0.5670664270313903,0.4339766896020166,2.02323187974792,1.1033,1.2644,0.9895,1.5654,sepolia
38,173157.05999,2024-04-30T17:55:48.600Z,30,3330.94,3330.94,3330.94,3330.94,0.7128120631902025,0.851307379254975,0.6228609543936928,2.017439806718653,1.5594,1.4076,1.3531,2.3437,sepolia
39,160882.0217433333,2024-04-30T17:25:46.972Z,30,3330.94,3330.94,3330.94,3330.94,0.8736231029876776,0.7534712602193163,0.48379940541949895,1.5430986448544262,1.4156,1.4417,1.1433,1.7597,sepolia
40,164715.91366000002,2024-04-30T16:55:45.618Z,30,3330.94,3330.94,3330.94,3330.94,0.5636957790483741,1.6328775952983152,0.5636957790483741,1.734487750221203,1.5616,2.2295,1.3386,2.9112,sepolia
41,207373.71652333334,2024-04-30T16:25:43.749Z,30,3330.94,3330.94,3330.94,3330.94,1.7721841487124246,1.0440120827199408,0.8953295639744473,10.040302361532436,2.5837,2.317,1.8843,4.9196,sepolia
42,243929.44653000002,2024-04-30T15:55:42.156Z,30,3330.94,3330.94,3330.94,3330.94,1.4660685812074377,0.9860485855364295,0.5324945613121759,6.634820013505367,2.6019,2.5318,1.3635,2.9663,sepolia
43,174263.33355000004,2024-04-30T15:25:41.195Z,30,3330.94,3330.94,3330.94,3330.94,1.155935984697072,10.552168385543474,0.9980815460548069,10.552168385543474,2.7319,18.261,2.3288,18.261,sepolia
44,188512.27036666675,2024-04-30T14:55:40.298Z,30,3330.94,3330.94,3330.94,3330.94,9.80668580104211,2.97874848395842,2.664485822659583,20.665638526893687,17.5176,3.7152,2.907,18.235,sepolia
45,158252.52955517243,2024-04-30T14:26:37.786Z,29,3330.94,3330.94,3330.94,3330.94,4.480155202041634,1.8844021090329293,0.7468087066544501,4.480155202041634,2.5871,3.8662,1.62,4.485,sepolia
46,135160.3706833333,2024-04-30T13:56:35.928Z,30,3330.94,3330.94,3330.94,3330.94,2.1774085299006383,3.7457341526526764,1.3415284866461048,5.376901116780677,2.52,8.5712,2.52,9.5372,sepolia
47,133333.76353999999,2024-04-30T13:26:34.315Z,30,3330.94,3330.94,3330.94,3330.94,3.627463846154133,6.437754028936561,2.750140898171091,11.298218471603745,10.4214,15.0196,7.5759,17.8228,sepolia
48,142033.46662333334,2024-04-30T12:56:32.690Z,30,3330.94,3330.94,3330.94,3330.94,10.827883431271523,1.9461462649792949,1.5820985750558951,10.827883431271523,13.7581,4.8259,4.1663,13.7581,sepolia
49,128894.98693000003,2024-04-30T12:26:31.198Z,30,3330.94,3330.94,3330.94,3330.94,1.832062198656647,1.9856944244473895,1.2997751092840182,2.691935733109025,4.7117,4.8448,3.2977,5.6781,sepolia
50,131603.7199833333,2024-04-30T11:56:29.480Z,30,3330.94,3330.94,3330.94,3330.94,1.8289218410179244,2.191317293596384,1.0026960226406023,2.552953696809245,5.1288,4.1354,2.52,5.577,sepolia
51,132403.69364333333,2024-04-30T11:26:28.061Z,30,3330.94,3330.94,3330.94,3330.94,1.764055372770608,3.2096629637998038,1.2208803618148605,4.812690525974202,3.4607,7.9305,2.52,10.3736,sepolia
52,144639.87351333332,2024-04-30T10:56:26.295Z,30,3330.94,3330.94,3330.94,3330.94,3.158270983744386,1.7842464310836847,1.631713561270666,5.008447231425196,8.9587,4.4009,3.8863,9.9813,sepolia
53,125842.17492666663,2024-04-30T10:26:24.871Z,30,3330.94,3330.94,3330.94,3330.94,2.3436045155577556,7.848914264403548,1.4507142948822096,9.596413011721735,4.0051,16.0053,3.5401,19.0,sepolia
54,137602.89198666665,2024-04-30T09:56:23.065Z,30,3330.94,3330.94,3330.94,3330.94,9.140727346818423,4.226454926629866,3.9165830940260893,14.970005761049281,13.1243,10.915,9.6062,22.0028,sepolia
55,127595.11178666666,2024-04-30T09:26:21.535Z,30,3330.94,3330.94,3330.94,3330.94,3.730330506427688,1.758258377115959,1.758258377115959,6.736118962915927,13.1349,7.0296,6.6281,13.1609,sepolia
56,137740.86719,2024-04-30T08:56:20.018Z,30,3330.94,3330.94,3330.94,3330.94,2.857471173856959,2.747328969613354,1.9602289366307444,5.706067253779009,7.8115,7.2449,5.1662,10.0314,sepolia
57,123271.88640666666,2024-04-30T08:26:18.500Z,30,3330.94,3330.94,3330.94,3330.94,2.3904456372915446,10.401888146235867,2.3904456372915446,20.21576349286107,7.9755,18.6475,7.099,30.8218,sepolia
58,140160.38142,2024-04-30T07:56:16.729Z,30,3330.94,3330.94,3330.94,3330.94,7.3407731483953365,1.212129259259973,1.0740623245430265,11.251354024415965,15.3566,3.5155,2.52,17.8073,sepolia
59,133106.58249666667,2024-04-30T07:26:14.971Z,30,3330.94,3330.94,3330.94,3330.94,1.7645457829513982,4.171544172941999,1.279457967953793,5.1792060332060395,3.8521,10.1703,3.7632,11.525,sepolia
60,134127.0337933333,2024-04-30T06:56:13.219Z,30,3330.94,3330.94,3330.94,3330.94,4.807075791407097,2.8602591968452624,2.792293629380025,11.206484627224556,13.0979,6.2365,5.4,14.9976,sepolia
61,129839.28203333332,2024-04-30T06:26:11.600Z,30,3330.94,3330.94,3330.94,3330.94,2.2667266552699012,1.884196716778196,1.3557023461377082,2.8960594155976644,5.6472,4.2107,3.5136,6.2566,sepolia
62,136314.14471,2024-04-30T05:56:09.715Z,30,3330.94,3330.94,3330.94,3330.94,1.5184756858519037,1.2412143856768516,1.0785205789253915,2.7608172059414646,4.4687,2.6368,2.5074,5.6771,sepolia
63,145412.84660666666,2024-04-30T05:26:08.075Z,30,3330.94,3330.94,3330.94,3330.94,1.7867932107403888,1.0752133485021504,0.7402429903025405,1.7867932107403888,2.2064,2.4431,1.7252,2.524,sepolia
64,153585.57565666662,2024-04-30T04:56:06.457Z,30,3330.94,3330.94,3330.94,3330.94,1.5087159204558331,0.8935572288908082,0.624534385269377,2.1051108545036397,2.5161,2.0665,1.5363,3.241,sepolia
65,141472.28777333334,2024-04-30T04:26:04.760Z,30,3330.94,3330.94,3330.94,3330.94,1.101466762436023,2.419586858571872,0.8837564758541425,2.419586858571872,2.0872,4.087,2.0872,4.1256,sepolia
66,136841.84639,2024-04-30T03:56:03.233Z,30,3330.94,3330.94,3330.94,3330.94,1.939152245796111,2.0031117742637075,0.8242668786306665,2.0031117742637075,3.3352,4.1513,2.0072,4.1513,sepolia
67,141120.66774333332,2024-04-30T03:26:01.455Z,30,3330.94,3330.94,3330.94,3330.94,1.3020778372182302,0.6913835296874515,0.6913835296874515,2.4099877953425075,4.1804,1.5886,1.4007,4.8014,sepolia
68,174079.76753666662,2024-04-30T02:55:59.591Z,30,3330.94,3330.94,3330.94,3330.94,0.7703899658788204,0.4383202178566279,0.4383202178566279,1.354215259513251,1.6318,1.0134,1.0,3.2081,sepolia
69,155734.36757000003,2024-04-30T02:25:57.897Z,30,3330.94,3330.94,3330.94,3330.94,0.5211464626724531,0.29761301234897675,0.27166210003611463,0.7707708448695119,1.0131,0.6026,0.6025,1.5186,sepolia
70,137129.87112333335,2024-04-30T01:55:56.220Z,30,3330.94,3330.94,3330.94,3330.94,0.4477402355346005,0.29902392218576673,0.2675982577673771,0.839508338062011,0.6032,0.664,0.6024,1.5045,sepolia
71,139152.82405999998,2024-04-30T01:25:54.572Z,30,3330.94,3330.94,3330.94,3330.94,0.4566582137456099,0.6706776524428263,0.2679130786698548,0.8237764098203355,1.0032,1.5011,0.6009,1.5032,sepolia
72,138917.68715666668,2024-04-30T00:55:53.049Z,30,3330.94,3330.94,3330.94,3330.94,0.4370756945541017,0.6716916280618606,0.25109382833795035,0.7292091675944324,1.5011,1.0007,0.6007,1.5013,sepolia
73,157468.93621,2024-04-30T00:25:51.217Z,30,3330.94,3330.94,3330.94,3330.94,0.4617266485334217,0.2958277898331961,0.22078650934259894,0.9791003141814366,0.7095,0.6006,0.5508,1.5007,sepolia
74,161877.00742333333,2024-04-29T23:55:49.641Z,30,3330.94,3330.94,3330.94,3330.94,0.6692357944931471,0.3649078330209789,0.26060325448418425,0.7595158433602878,1.0005,1.0005,0.5507,1.5006,sepolia
75,171613.89003999997,2024-04-29T23:25:47.916Z,30,3330.94,3330.94,3330.94,3330.94,0.43679000381667066,0.4472613595387483,0.33486730636632345,1.0414410026207244,1.0006,1.0006,0.5505,1.5007,sepolia
76,179401.70957999997,2024-04-29T22:55:46.306Z,30,3330.94,3330.94,3330.94,3330.94,1.132532698693181,0.5916771492354472,0.33370950027893326,1.132532698693181,1.0005,1.0006,0.7505,1.5006,sepolia
77,183997.85662000004,2024-04-29T22:25:44.816Z,30,3330.94,3330.94,3330.94,3330.94,0.6780118160160932,0.5688497310791875,0.32172788281102477,1.1200922273629323,1.0006,1.0005,0.5507,1.5006,sepolia
78,170552.5014666667,2024-04-29T21:55:42.919Z,30,3330.94,3330.94,3330.94,3330.94,0.5769138558203865,0.48374632767017217,0.3845648572818106,1.930272057661231,1.0006,1.0012,1.0004,3.0009,sepolia
79,208086.6176266667,2024-04-29T21:25:41.306Z,30,3330.94,3330.94,3330.94,3330.94,0.5306072398129043,0.5593543842598002,0.42993815578055744,1.4569101558612163,1.0012,1.0005,1.0002,1.501,sepolia
80,219837.7777533333,2024-04-29T20:55:39.737Z,30,3330.94,3330.94,3330.94,3330.94,1.1619828018141296,0.8694860572072601,0.2651700545522154,1.597011521331364,1.0005,1.0006,0.534,1.5006,sepolia
81,147453.1034413793,2024-04-29T20:26:38.568Z,29,3330.94,3330.94,3330.94,3330.94,0.885379565370094,0.4930041247213104,0.353360567192014,0.885379565370094,1.0005,1.0538,0.9991,1.2838,sepolia
82,167829.8898933333,2024-04-29T19:56:37.175Z,30,3330.94,3330.94,3330.94,3330.94,0.40547812463771143,0.5541817314926298,0.35392677603422806,0.8649202771934371,1.0732,0.8319,0.5082,1.6943,sepolia
83,195127.18011333334,2024-04-29T19:26:35.164Z,30,3330.94,3330.94,3330.94,3330.94,0.9328701080244958,0.6847393472580658,0.34564839347720855,1.1848129137583598,0.6081,1.1423,0.6081,1.9431,sepolia
84,182625.80395333332,2024-04-29T18:56:33.496Z,30,3330.94,3330.94,3330.94,3330.94,0.6873033834985731,1.2163297928948582,0.218502052882842,1.5272665051986785,1.1569,1.6827,0.4379,3.1328,sepolia
85,134399.23344333333,2024-04-29T18:26:31.793Z,30,3330.94,3330.94,3330.94,3330.94,0.6001434874353498,1.1977948261628242,0.4893778985595109,1.900076868504708,1.7069,2.6635,0.7641,3.4235,sepolia
86,164073.1749166666,2024-04-29T17:56:30.185Z,30,3330.94,3330.94,3330.94,3330.94,1.913581474041249,2.1972811307980966,0.963377493051124,2.617912594218739,2.5058,3.4582,1.9938,3.9403,sepolia
87,158507.65929666665,2024-04-29T17:26:28.655Z,30,3330.94,3330.94,3330.94,3330.94,3.567594740608751,1.8146575593481602,0.6749140840981462,4.190142897952763,2.9836,3.5684,1.6424,4.2031,sepolia
88,142944.99928000002,2024-04-29T16:56:27.042Z,30,3330.94,3330.94,3330.94,3330.94,1.8831883305684483,3.8187923283786342,0.9975249452936671,3.8187923283786342,3.9603,8.0479,1.6424,8.3366,sepolia
89,161821.6404666667,2024-04-29T16:26:25.533Z,30,3330.94,3330.94,3330.94,3330.94,3.041875311498136,1.9563948434900067,1.642314742701142,6.546329410307036,9.0838,4.5433,4.0858,10.9159,sepolia
90,142921.61595,2024-04-29T15:56:23.742Z,30,3330.94,3330.94,3330.94,3330.94,2.1399294445940056,1.3105409870881655,0.5482981403430203,3.4255731510349765,5.18,3.5329,1.6424,6.0113,sepolia
91,139051.60769333332,2024-04-29T15:26:22.250Z,30,3330.94,3330.94,3330.94,3330.94,1.4134005366279623,1.727406216492777,1.323140661314203,5.7993386214917795,4.1524,3.6953,2.52,6.7504,sepolia
92,132384.24925666666,2024-04-29T14:56:20.788Z,30,3330.94,3330.94,3330.94,3330.94,1.4235373139828147,2.8622554594447207,1.395485765743887,4.367830362437894,3.5563,6.5259,2.52,6.9762,sepolia
93,156972.73576333333,2024-04-29T14:26:19.087Z,30,3330.94,3330.94,3330.94,3330.94,2.5810256139064234,1.7821483164535619,1.5879996760919732,9.077076522401194,7.1086,4.2457,3.4856,12.5116,sepolia
94,165261.9164666667,2024-04-29T13:56:17.402Z,30,3330.94,3330.94,3330.94,3330.94,1.7518246264400805,0.9700384111662868,0.7222316107431676,5.46735740033043,4.6926,2.0007,1.8823,8.2334,sepolia
95,142436.68181,2024-04-29T13:26:15.851Z,30,3330.94,3330.94,3330.94,3330.94,1.1112894291939652,0.8807821493724949,0.6969321375053426,2.1900012346299698,2.0904,2.0929,1.7754,3.0633,sepolia
96,140606.00773666668,2024-04-29T12:56:14.330Z,30,3330.94,3330.94,3330.94,3330.94,1.323867990762134,0.7779244168085385,0.6361797522712899,1.8062173675526503,2.0344,1.78,1.5049,2.7433,sepolia
97,140348.14024666665,2024-04-29T12:26:12.523Z,30,3330.94,3330.94,3330.94,3330.94,0.7469149253553585,0.5510621266522585,0.4753031785781937,1.2578828256577903,1.7663,1.5964,0.8,2.4673,sepolia
98,142998.73716,2024-04-29T11:56:10.784Z,30,3330.94,3330.94,3330.94,3330.94,0.6792987659654326,1.0624629214453514,0.6074227163195974,2.458328391790514,1.7404,2.4121,0.8,2.8745,sepolia
99,156266.40450666667,2024-04-29T11:26:09.083Z,30,3330.94,3330.94,3330.94,3330.94,1.1905184035477943,0.8952740442504181,0.7448537456887102,5.233722318236409,2.6933,2.5168,1.512,3.7566,sepolia
100,141854.54528666666,2024-06-30T12:55:44.057Z,30,3845.82,3845.82,3845.82,3845.82,14.046936517914224,12.043565766847832,10.578180140945992,17.848324469308526,24.4821,23.3928,19.8897,30.7329,sepolia
101,150467.1523333333,2024-06-30T12:25:42.694Z,30,3845.82,3845.82,3845.82,3845.82,12.386563122346502,16.544674723004675,11.562702605814307,22.07416869743331,25.938,26.9102,21.5557,34.2693,sepolia
102,142432.03872666665,2024-06-30T11:55:40.905Z,30,3845.82,3845.82,3845.82,3845.82,12.221379019666296,17.55449047854447,10.75243187886275,19.384168355118124,22.1795,30.2305,19.0284,35.1556,sepolia
103,144075.5375233333,2024-06-30T11:25:39.318Z,30,3845.82,3845.82,3845.82,3845.82,16.245781596040107,13.290632079487997,11.079098145147325,20.83901091267704,29.5115,26.2672,22.7415,35.523,sepolia
104,140686.93858965515,2024-06-30T10:56:37.755Z,29,3845.82,3845.82,3845.82,3845.82,13.935872082367547,11.107965215382885,8.772710003168134,18.255794994278517,30.1269,19.7476,17.7634,30.1269,sepolia
105,132802.16751666667,2024-06-30T10:26:36.283Z,30,3845.82,3845.82,3845.82,3845.82,9.644524318601485,11.822574168898145,9.06733649998538,19.577105414194254,20.3414,22.5968,18.9788,30.6519,sepolia
106,137903.81642333334,2024-06-30T09:56:34.744Z,30,3845.82,3845.82,3845.82,3845.82,13.30832522810769,8.916739576682172,6.9070194082137855,18.279142449601473,25.1949,17.5601,14.6617,31.5303,sepolia
107,129960.5829933333,2024-06-30T09:26:33.050Z,30,3845.82,3845.82,3845.82,3845.82,8.806390623900164,9.598755044253789,8.575308310501303,13.550568008040887,18.7374,19.9092,18.2535,25.7801,sepolia
108,136257.9321733333,2024-06-30T08:56:31.444Z,30,3845.82,3845.82,3845.82,3845.82,10.353777692312459,19.4768362132801,9.342864377272138,20.13111692741103,21.3214,33.9842,19.9565,36.7515,sepolia
109,141842.22724666668,2024-06-30T08:26:29.974Z,30,3845.82,3845.82,3845.82,3845.82,18.35885793217844,11.237617352244337,9.778225287700522,25.313451648126268,40.0727,20.9974,20.0676,40.5293,sepolia
110,139697.91674666668,2024-06-30T07:56:28.468Z,30,3845.82,3845.82,3845.82,3845.82,12.020491243595854,13.424329991630824,10.875528784290221,27.749080756610102,20.9769,25.1858,20.9769,37.852,sepolia
111,143666.96238333333,2024-06-30T07:26:26.950Z,30,3845.82,3845.82,3845.82,3845.82,12.262743015114358,25.36114303814538,12.262743015114358,25.36114303814538,26.7048,47.934,25.1094,49.941,sepolia
112,152536.51015666669,2024-06-30T06:56:25.404Z,30,3845.82,3845.82,3845.82,3845.82,25.28629372335627,83.686645610661,21.783995857135423,83.686645610661,53.4876,120.657,48.1243,123.9501,sepolia
113,147415.1321633333,2024-06-30T06:26:24.149Z,30,3845.82,3845.82,3845.82,3845.82,90.02638345492302,176.87466277161502,46.7495760496381,198.41009492100406,121.0346,317.6631,94.9554,325.9988,sepolia
114,214734.16604000004,2024-06-30T05:56:22.279Z,30,3845.82,3845.82,3845.82,3845.82,184.92016638039982,239.36839973262377,184.92016638039982,1021.5520039465192,363.9268,241.1966,192.275,993.3943,sepolia
115,171820.08932,2024-06-30T05:26:20.904Z,30,3845.82,3845.82,3845.82,3845.82,198.2757782498071,12.6128501404802,10.323519184656877,198.2757782498071,130.7153,22.5019,19.3139,192.275,sepolia
116,125896.05602333335,2024-06-30T04:56:19.527Z,30,3845.82,3845.82,3845.82,3845.82,13.224062084525237,4.90485359945763,4.90485359945763,17.075634625666396,26.591,14.1342,12.148,26.7632,sepolia
117,127609.67065999999,2024-06-30T04:26:17.794Z,30,3845.82,3845.82,3845.82,3845.82,4.848621789940283,3.4462832232297687,3.4462832232297687,9.030968565109312,14.3358,8.1724,7.575,17.4707,sepolia
118,115619.03230666669,2024-06-30T03:56:16.278Z,30,3845.82,3845.82,3845.82,3845.82,2.6082732053169853,1.8147922262836456,1.4449927188555214,4.669904530794876,9.2955,4.2158,3.3907,9.3963,sepolia
119,133426.5927433333,2024-06-30T03:26:14.802Z,30,3845.82,3845.82,3845.82,3845.82,1.2135044786265121,4.267055602032086,1.2135044786265121,4.331373301676208,3.5011,8.4468,3.1544,9.1467,sepolia
120,130492.11549666665,2024-06-30T02:56:13.251Z,30,3845.82,3845.82,3845.82,3845.82,4.420462967468166,5.343422664502983,3.3957276523168693,6.604395623027272,9.3121,11.9994,6.2407,13.5059,sepolia
121,128511.34652,2024-06-30T02:26:11.856Z,30,3845.82,3845.82,3845.82,3845.82,6.199133109816949,5.0657987002252955,3.24811347369737,12.673016433851513,13.2748,12.2879,9.9665,18.9853,sepolia
122,126161.91345666666,2024-06-30T01:56:10.260Z,30,3845.82,3845.82,3845.82,3845.82,5.437389303222329,7.1796464087892655,4.542759322030868,10.20766922539457,12.3854,14.7831,10.9097,18.3411,sepolia
123,129133.04861666664,2024-06-30T01:26:08.598Z,30,3845.82,3845.82,3845.82,3845.82,7.8745587840755,5.15245190008697,4.828890933343805,9.890453307217303,13.7229,11.4956,9.9845,15.2831,sepolia
124,118879.42044333332,2024-06-30T00:56:07.064Z,30,3845.82,3845.82,3845.82,3845.82,5.459407210156643,8.874222594021745,5.459407210156643,10.181069899993359,12.6642,21.0176,12.1324,23.4024,sepolia
125,135031.19018,2024-06-30T00:26:05.889Z,30,3845.82,3845.82,3845.82,3845.82,10.779252116597297,29.952598032265072,10.779252116597297,62.221567239536704,24.3331,80.8399,22.5009,85.6549,sepolia
126,114915.0452333333,2024-06-29T23:56:03.623Z,30,3845.82,3845.82,3845.82,3845.82,47.25665769469305,27.319711395446667,22.55656036742482,53.62319020026903,72.3314,58.1532,55.3186,106.7611,sepolia
127,160654.94902666664,2024-06-29T23:26:02.015Z,30,3845.82,3845.82,3845.82,3845.82,45.56007661694554,2.8583091486169208,2.633505630787601,45.56007661694554,44.6124,5.0402,4.6704,56.8303,sepolia
128,121742.02953666665,2024-06-29T22:56:00.745Z,30,3845.82,3845.82,3845.82,3845.82,2.6604671702207487,2.5499412774013535,2.0598386476088755,3.5891578976205625,5.0441,8.8019,4.3451,10.1457,sepolia
129,110691.74447666666,2024-06-29T22:25:58.643Z,30,3845.82,3845.82,3845.82,3845.82,3.7448926838051384,6.113026425360965,3.149135266285294,8.432257635234402,10.6903,11.2248,9.2468,17.3645,sepolia
130,142500.44347333332,2024-06-29T21:55:56.990Z,30,3845.82,3845.82,3845.82,3845.82,5.939786442034247,2.9515161487204677,2.9515161487204677,9.444663557494248,12.5906,4.903,4.5668,15.0118,sepolia
131,134054.90868666663,2024-06-29T21:25:55.287Z,30,3845.82,3845.82,3845.82,3845.82,2.9647841209807346,4.350312206205976,1.9126324370226375,4.544961730662321,4.8295,7.91,3.9297,8.0261,sepolia
132,126580.79441666667,2024-06-29T20:55:53.664Z,30,3845.82,3845.82,3845.82,3845.82,3.9313561340010637,4.2976182775419876,3.868484531998925,6.362991373290488,8.5011,9.6245,7.1114,13.0601,sepolia
133,132023.35880333334,2024-06-29T20:25:51.983Z,30,3845.82,3845.82,3845.82,3845.82,5.254384591046844,10.7948592106364,3.6729761791851994,13.538571251519976,11.4302,17.4278,8.2097,22.8461,sepolia
134,134170.64798,2024-06-29T19:55:50.520Z,30,3845.82,3845.82,3845.82,3845.82,7.981692816586004,7.17609989949665,4.84299022656434,14.602301861377793,18.7887,14.0852,9.4506,21.428,sepolia
135,123327.1664833333,2024-06-29T19:25:48.675Z,30,3845.82,3845.82,3845.82,3845.82,7.180526832846093,10.424602113366365,5.088853992223999,11.8217941987985,14.0456,22.4633,10.6223,24.1408,sepolia
136,136623.16089999996,2024-06-29T18:55:47.058Z,30,3845.82,3845.82,3845.82,3845.82,13.594137226893553,10.344102161774032,7.810773035365414,15.017813712619803,23.6248,19.8688,15.6068,27.1977,sepolia
137,131717.8455866667,2024-06-29T18:25:45.434Z,30,3845.82,3845.82,3845.82,3845.82,8.531142481847782,11.30024844254359,8.531142481847782,15.147512237688408,18.0047,21.0979,16.7308,28.376,sepolia
138,139629.39367,2024-06-29T17:55:43.777Z,30,3845.82,3845.82,3845.82,3845.82,9.048760019774798,8.776632240394386,8.411863820291167,28.100074608826375,21.2248,18.83,16.7069,37.5196,sepolia
139,128558.82102000002,2024-06-29T17:25:42.343Z,30,3845.82,3845.82,3845.82,3845.82,8.925030822432376,17.7156871877832,8.925030822432376,17.7156871877832,21.3932,27.548,19.308,29.3453,sepolia
140,121051.50143666667,2024-06-29T16:55:40.567Z,30,3845.82,3845.82,3845.82,3845.82,9.866069039721724,33.79787711948884,9.363612507475295,50.03317505360567,20.8933,65.0121,20.7832,104.1987,sepolia
141,151418.71539333335,2024-06-29T16:25:39.002Z,30,3845.82,3845.82,3845.82,3845.82,25.510471316649287,59.432184635215684,18.806234639951924,91.90069899887087,53.6444,71.8464,42.5852,127.7662,sepolia
142,143889.51963448277,2024-06-29T15:56:37.412Z,29,3845.82,3845.82,3845.82,3845.82,50.64726036437556,20.47845983122921,9.626910494079517,50.64726036437556,49.1246,34.6839,21.791,58.5552,sepolia
143,139021.97398,2024-06-29T15:26:35.862Z,30,3845.82,3845.82,3845.82,3845.82,16.516326310435254,11.445796304386917,11.445796304386917,29.615324321267977,34.3657,24.7782,24.5801,57.3893,sepolia
144,129233.51921666667,2024-06-29T14:56:34.264Z,30,3845.82,3845.82,3845.82,3845.82,12.660337393858914,21.25319906001299,10.71759411225197,24.730482406497398,29.8083,44.7952,23.1061,47.4448,sepolia
145,131552.94532999996,2024-06-29T14:26:33.093Z,30,3845.82,3845.82,3845.82,3845.82,21.330808566083086,39.66712789913095,21.330808566083086,48.05365571516703,52.5495,82.9229,47.4448,94.6149,sepolia
146,142002.33125333337,2024-06-29T13:56:31.251Z,30,3845.82,3845.82,3845.82,3845.82,48.56628498930935,83.12236707346997,39.29947204226219,94.1055424485862,95.0725,133.9327,73.9843,133.9327,sepolia
147,155433.92038,2024-06-29T13:26:29.677Z,30,3845.82,3845.82,3845.82,3845.82,79.93153954326368,44.35308697938746,44.35308697938746,86.70624408009678,97.5443,78.7013,75.713,137.3082,sepolia
148,154253.16035666663,2024-06-29T12:56:28.111Z,30,3845.82,3845.82,3845.82,3845.82,44.77290439140511,35.03511479784567,21.149523065374133,63.512942462097,83.2948,71.3124,38.3218,87.6572,sepolia
149,151668.14060666662,2024-06-29T12:26:26.769Z,30,3845.82,3845.82,3845.82,3845.82,54.697072024327696,141.07199153106416,39.954693724360766,153.492500264006,76.6264,245.002,67.8259,283.2718,sepolia
150,183421.96000333334,2024-06-29T11:56:25.099Z,30,3845.82,3845.82,3845.82,3845.82,158.85977112391808,355.118080801119,124.3232038054307,355.118080801119,255.0931,460.5296,239.943,460.5296,sepolia
151,186592.84076666672,2024-06-29T11:26:23.534Z,30,3845.82,3845.82,3845.82,3845.82,251.16544393722526,280.62631490143906,67.12545466212616,337.4661222016451,343.7339,134.5409,118.6018,430.3465,sepolia
152,154174.03287999998,2024-06-29T10:56:21.945Z,30,3845.82,3845.82,3845.82,3845.82,72.79261432294476,66.55543211544733,53.097411629090665,92.99417816143567,122.1448,102.768,94.9974,134.967,sepolia
153,152769.96995333332,2024-06-29T10:26:20.746Z,30,3845.82,3845.82,3845.82,3845.82,64.71771763439685,130.5404205936624,52.19009748016357,149.022334778188,94.8593,210.4054,89.2124,223.722,sepolia
154,167516.7383066667,2024-06-29T09:56:18.857Z,30,3845.82,3845.82,3845.82,3845.82,136.78584470444667,287.9867812577585,126.71910741195641,679.6119588880309,234.0204,916.7829,214.7403,1228.4386,sepolia
155,212409.3316933333,2024-06-29T09:26:17.361Z,30,3845.82,3845.82,3845.82,3845.82,436.9971952877587,67.17371459666043,64.40358963276816,1411.973489001354,1525.1324,117.8262,115.1831,1525.1324,sepolia
156,147874.19281333333,2024-06-29T08:56:15.808Z,30,3845.82,3845.82,3845.82,3845.82,75.87640888956129,33.22383379799104,30.253448808119426,121.37772078429207,132.7907,68.6332,59.1557,142.0929,sepolia
157,137640.53342333334,2024-06-29T08:26:14.433Z,30,3845.82,3845.82,3845.82,3845.82,34.102945343085494,13.923991760644837,13.923991760644837,41.35027897067596,64.356,28.0679,27.6973,70.1314,sepolia
158,125352.65063666663,2024-06-29T07:56:12.901Z,30,3845.82,3845.82,3845.82,3845.82,16.01556687274831,15.670592440014724,11.40198493201054,16.8549969608463,31.1458,35.4872,24.8944,38.5653,sepolia
159,123348.70733666669,2024-06-29T07:26:11.369Z,30,3845.82,3845.82,3845.82,3845.82,17.674525270130108,16.94043028484108,10.402677175553785,21.010586605293195,40.4216,35.5176,24.8943,42.3037,sepolia
160,128097.63366333333,2024-06-29T06:56:09.789Z,30,3845.82,3845.82,3845.82,3845.82,17.852983799888293,12.60424881313765,10.814943440085372,22.046121290530262,30.9116,25.6406,23.415,35.8994,sepolia
161,125909.23312,2024-06-29T06:26:08.357Z,30,3845.82,3845.82,3845.82,3845.82,10.186677509434723,14.950193730648056,8.610177359108993,17.594964559456358,25.4753,25.9662,20.5874,31.9331,sepolia
162,141558.98474666668,2024-06-29T05:56:06.800Z,30,3845.82,3845.82,3845.82,3845.82,12.539117010456307,13.610727133201298,11.04090345668577,35.41104813474864,24.6893,24.9182,22.9889,43.324,sepolia
163,141540.97849666662,2024-06-29T05:26:05.175Z,30,3845.82,3845.82,3845.82,3845.82,11.794730349746946,18.586180110108124,10.649538783458796,22.2509935438649,24.0169,30.4691,21.2287,37.7925,sepolia
164,143363.14580333332,2024-06-29T04:56:03.465Z,30,3845.82,3845.82,3845.82,3845.82,17.755114559765424,16.49151305434058,11.681227101621156,20.042127816510835,28.0297,27.4381,21.2882,32.6159,sepolia
165,141700.04724666665,2024-06-29T04:26:01.859Z,30,3845.82,3845.82,3845.82,3845.82,14.857708139059351,12.745147052398945,8.193725472748268,14.965216992529495,23.9851,23.5239,17.4204,26.0441,sepolia
166,140988.98406666663,2024-06-29T03:56:00.204Z,30,3845.82,3845.82,3845.82,3845.82,10.95430312862892,13.737380570196649,10.95430312862892,17.707556161043854,22.3443,25.2081,20.3034,29.6661,sepolia
167,141200.93777000002,2024-06-29T03:25:58.578Z,30,3845.82,3845.82,3845.82,3845.82,13.135074078772417,23.087541976592366,11.689849076529155,27.358367091750807,22.7326,42.9711,21.4285,42.9711,sepolia
168,144112.00533666663,2024-06-29T02:55:56.955Z,30,3845.82,3845.82,3845.82,3845.82,32.685965191046606,9.374802527820519,9.374802527820519,32.685965191046606,27.7113,19.0158,18.8741,38.7982,sepolia
169,143347.58565,2024-06-29T02:25:55.230Z,30,3845.82,3845.82,3845.82,3845.82,11.381306007117034,8.295347853055787,8.295347853055787,14.101552119253425,21.3125,16.0402,15.4057,25.2549,sepolia
170,142652.54560666668,2024-06-29T01:55:53.524Z,30,3845.82,3845.82,3845.82,3845.82,9.421860212397846,7.733766968440066,6.983177363234909,11.305382194402364,17.2401,14.5911,13.0253,20.1127,sepolia
171,147972.46003666666,2024-06-29T01:25:51.903Z,30,3845.82,3845.82,3845.82,3845.82,6.900874939374094,11.470733138353449,6.900874939374094,13.888332830383286,14.2753,17.3596,13.6907,23.0964,sepolia
172,158078.81116333333,2024-06-29T00:55:50.135Z,30,3845.82,3845.82,3845.82,3845.82,10.798336695270145,6.613884818035336,3.6597602928072557,10.849988316770018,13.9723,9.3389,6.3876,15.9021,sepolia
173,148366.8517666667,2024-06-29T00:25:48.536Z,30,3845.82,3845.82,3845.82,3845.82,4.989068050015775,2.4666295616140292,1.5378888407852138,5.245333040915982,7.8297,4.4295,2.8468,9.0158,sepolia
174,130235.60391000002,2024-06-28T23:55:46.829Z,30,3845.82,3845.82,3845.82,3845.82,2.21618254051486,2.1819409928555102,1.3291028774902,3.275648957239037,3.536,4.6747,3.0797,7.37,sepolia
175,129890.97651000001,2024-06-28T23:25:45.211Z,30,3845.82,3845.82,3845.82,3845.82,1.9294622015887628,8.056760367197791,1.9294622015887628,8.056760367197791,5.5579,14.0491,4.2698,15.3412,sepolia
176,146661.2572333333,2024-06-28T22:55:43.516Z,30,3845.82,3845.82,3845.82,3845.82,7.088842704392735,9.540909974559233,7.088842704392735,27.646978452678646,15.2462,17.2902,13.6484,28.4018,sepolia
177,155915.01978333338,2024-06-28T22:25:41.943Z,30,3845.82,3845.82,3845.82,3845.82,8.587660807849689,5.573833878450642,5.573833878450642,13.626147697942088,15.3515,10.8956,9.5678,18.6194,sepolia
178,152082.58172666669,2024-06-28T21:55:40.248Z,30,3845.82,3845.82,3845.82,3845.82,6.464702472135186,4.280167377412264,2.52446084046981,12.019300272160724,12.147,8.5551,5.0,12.9811,sepolia
179,152829.7213413793,2024-06-28T21:26:38.789Z,29,3845.82,3845.82,3845.82,3845.82,4.586263162410151,9.17783166101722,3.0835261434720884,13.354887656031487,10.2373,17.0428,6.4112,18.1758,sepolia
180,150539.21184333335,2024-06-28T20:56:37.139Z,30,3845.82,3845.82,3845.82,3845.82,9.421697299116794,5.612791326879502,4.176824588352147,11.87988590998164,19.7226,10.7528,7.6417,19.7402,sepolia
181,134413.77961666667,2024-06-28T20:26:35.747Z,30,3845.82,3845.82,3845.82,3845.82,5.395987853090309,10.147533568989314,5.033821202667299,11.074323681926092,9.677,18.6912,9.677,19.6007,sepolia
182,149665.2505633333,2024-06-28T19:56:33.874Z,30,3845.82,3845.82,3845.82,3845.82,10.145011399681769,12.788516588055503,8.629914606984316,24.191987757384446,18.6234,22.4683,16.4576,29.3617,sepolia
183,143473.49791666667,2024-06-28T19:26:32.347Z,30,3845.82,3845.82,3845.82,3845.82,10.362075784772433,10.62223700071022,9.628199989470831,16.04466125215099,24.757,19.5931,18.1372,26.2162,sepolia
184,151461.44443333332,2024-06-28T18:56:30.729Z,30,3845.82,3845.82,3845.82,3845.82,13.127311318011778,14.712986947117273,9.715119239897584,17.70810804539817,18.798,24.0636,17.0295,26.6517,sepolia
185,163847.14422333334,2024-06-28T18:26:29.253Z,30,3845.82,3845.82,3845.82,3845.82,13.928621183072394,11.90277775109273,10.436557849596836,30.293752409893802,24.0774,22.084,19.7874,33.9471,sepolia
186,144082.83510333335,2024-06-28T17:56:27.618Z,30,3845.82,3845.82,3845.82,3845.82,13.108685011710355,13.844943361676526,10.475175227851274,17.88681197492142,25.1619,26.0693,20.533,29.2953,sepolia
187,138695.7301,2024-06-28T17:26:26.011Z,30,3845.82,3845.82,3845.82,3845.82,13.394035263764199,9.579781770453916,9.579781770453916,16.741453182293704,25.3555,20.245,19.7375,28.4364,sepolia
188,135450.35457666666,2024-06-28T16:56:24.389Z,30,3845.82,3845.82,3845.82,3845.82,9.781237810413158,14.076147935392312,9.781237810413158,17.206732641164766,23.834,31.4735,22.2284,35.0862,sepolia
189,135567.30771666666,2024-06-28T16:26:23.110Z,30,3845.82,3845.82,3845.82,3845.82,31.79016831913528,27.862212958167138,10.926951782845634,46.97355609282338,24.4919,62.6339,24.4919,77.2966,sepolia
190,149957.66691333335,2024-06-28T15:56:21.518Z,30,3845.82,3845.82,3845.82,3845.82,29.500950764432954,22.321201943770888,16.54889447942079,46.56885332748673,69.7095,39.0975,33.1098,80.002,sepolia
191,148812.45302000002,2024-06-28T15:26:19.844Z,30,3845.82,3845.82,3845.82,3845.82,22.563936285286303,81.53751007590576,16.272958307999623,112.80348000455416,40.8754,69.9206,33.9419,103.2844,sepolia
192,164269.88966999998,2024-06-28T14:56:18.256Z,30,3845.82,3845.82,3845.82,3845.82,32.68820804726839,35.107155030180614,27.699061813625086,111.20016980860866,62.2251,55.3842,48.9176,81.4996,sepolia
193,135451.3118,2024-06-28T14:26:16.781Z,30,3845.82,3845.82,3845.82,3845.82,26.561023819021397,30.909738958165097,17.196082899532122,47.70023063038779,48.0299,60.3581,48.0299,79.6207,sepolia
194,139806.99098666667,2024-06-28T13:56:15.076Z,30,3845.82,3845.82,3845.82,3845.82,27.851890658231824,22.772585414875937,18.138290361888032,52.59332334668551,64.8918,45.3519,37.3925,82.8114,sepolia
195,132980.23418333332,2024-06-28T13:26:13.720Z,30,3845.82,3845.82,3845.82,3845.82,20.393348728173905,21.312297920697542,19.117301725140184,35.06572797879444,42.7386,40.8393,38.5008,65.3244,sepolia
196,136333.10969666665,2024-06-28T12:56:12.121Z,30,3845.82,3845.82,3845.82,3845.82,19.03596788488717,13.659340924482072,13.659340924482072,28.881170439938792,41.4467,24.5468,24.5468,47.9175,sepolia
197,128004.67845666666,2024-06-28T12:26:10.627Z,30,3845.82,3845.82,3845.82,3845.82,13.786128665248222,28.48961353427401,9.769946958234973,28.911942655435702,24.4014,53.5537,21.1885,60.7061,sepolia
198,138495.78367666667,2024-06-28T11:56:09.007Z,30,3845.82,3845.82,3845.82,3845.82,39.26710269542428,23.830997960978635,17.937972425503478,39.26710269542428,52.4437,42.3996,37.0119,61.5857,sepolia
199,137697.51048333332,2024-06-28T11:26:07.528Z,30,3845.82,3845.82,3845.82,3845.82,28.242989370852374,14.041194634690026,11.492168832674436,28.242989370852374,31.8214,28.3843,23.9029,39.9233,sepolia
200,172147.79603666672,2024-08-29T12:55:45.385Z,30,2590.29,2590.29,2590.29,2590.29,23.810429299252608,40.542739335800725,23.810429299252608,100.17834304161333,69.2851,84.3971,60.905,121.622,sepolia
201,183064.04795999997,2024-08-29T12:25:43.927Z,30,2590.29,2590.29,2590.29,2590.29,35.04000875559502,34.04839590823013,24.63469736054618,70.05613711182008,81.6514,69.4301,55.3953,96.4119,sepolia
202,171405.53238666666,2024-08-29T11:55:42.369Z,30,2590.29,2590.29,2590.29,2590.29,34.072073207033746,63.92439006740964,23.75537403063629,71.68665134933181,58.0934,126.9893,56.1356,140.5189,sepolia
203,176813.89005666666,2024-08-29T11:25:40.727Z,30,2590.29,2590.29,2590.29,2590.29,69.24275956415319,34.85094786869419,26.188979450022988,90.5090411379037,130.7059,86.334,61.7386,137.296,sepolia
204,187545.38896206894,2024-08-29T10:56:38.971Z,29,2590.29,2590.29,2590.29,2590.29,39.53787044553175,56.559718510134736,35.413234506166404,302.45273651869303,97.5838,131.2702,89.6102,162.7881,sepolia
205,173319.8497533333,2024-08-29T10:26:37.548Z,30,2590.29,2590.29,2590.29,2590.29,51.15129401107672,27.69927754716047,24.58686705767469,80.7791046926695,124.0371,70.949,58.3503,124.0371,sepolia
206,158581.13028666668,2024-08-29T09:56:35.697Z,30,2590.29,2590.29,2590.29,2590.29,26.176661520242014,41.19830983100603,23.813352715602303,46.12785609149413,70.9917,94.5077,57.2832,104.504,sepolia
207,163701.18594999998,2024-08-29T09:26:34.096Z,30,2590.29,2590.29,2590.29,2590.29,40.25656676489075,35.828232087509775,24.60816985250655,49.362301621487894,90.3176,88.3162,61.3977,130.9637,sepolia
208,161696.95894333333,2024-08-29T08:56:32.345Z,30,2590.29,2590.29,2590.29,2590.29,35.71711325062017,40.15511332725713,33.45940406841639,63.596143131952964,94.8083,89.7318,82.8247,129.6217,sepolia
209,163216.22326333335,2024-08-29T08:26:30.861Z,30,2590.29,2590.29,2590.29,2590.29,43.21800406039138,34.62631741231262,22.389150708437644,43.43202117520793,84.7339,94.1098,61.4534,117.2675,sepolia
210,156261.99856999997,2024-08-29T07:56:28.980Z,30,2590.29,2590.29,2590.29,2590.29,39.20303592850622,55.46438331412126,32.28367672381233,68.31839434164009,94.2712,131.2989,88.7155,153.3394,sepolia
211,169616.36160666667,2024-08-29T07:26:27.344Z,30,2590.29,2590.29,2590.29,2590.29,55.50428909020336,29.108613462939818,18.38353542257526,106.59621798799827,131.4178,75.7277,62.8128,199.4464,sepolia
212,155337.70823999998,2024-08-29T06:56:25.660Z,30,2590.29,2590.29,2590.29,2590.29,23.710612957289136,29.749659489186037,18.212913580184342,41.41583671561032,77.7501,74.0543,49.2761,82.904,sepolia
213,168958.95768333337,2024-08-29T06:26:24.082Z,30,2590.29,2590.29,2590.29,2590.29,26.058814526946456,21.086012519095856,18.463083019417642,58.845451332745185,84.7598,45.271,42.2101,121.1119,sepolia
214,181107.04019333332,2024-08-29T05:56:22.394Z,30,2590.29,2590.29,2590.29,2590.29,18.170488671121518,11.499754134071516,9.459818675450322,28.622857655965912,48.5616,24.8627,22.2467,56.7195,sepolia
215,177949.64028,2024-08-29T05:26:21.608Z,30,2590.29,2590.29,2590.29,2590.29,9.691078756016791,14.186770896215602,8.355268502359177,14.506909095363767,24.1003,28.48,19.826,28.9622,sepolia
216,189154.7846633334,2024-08-29T04:56:19.306Z,30,2590.29,2590.29,2590.29,2590.29,13.94412922495427,5.1500091455065276,5.1500091455065276,13.985014195632578,23.944,11.3778,9.7988,26.0869,sepolia
217,170860.84263999996,2024-08-29T04:26:17.692Z,30,2590.29,2590.29,2590.29,2590.29,3.667288237473359,8.135466700297991,3.2712504366216018,8.135466700297991,12.0264,17.0543,8.5563,18.837,sepolia
218,175525.02845999997,2024-08-29T03:56:16.330Z,30,2590.29,2590.29,2590.29,2590.29,8.135466700297991,27.533449380614286,5.859575951000014,30.309363099038915,15.1425,60.4668,15.1425,60.4668,sepolia
219,182783.17851,2024-08-29T03:26:14.556Z,30,2590.29,2590.29,2590.29,2590.29,22.186806933549015,10.315447974847894,9.464796282900283,31.43111694797714,53.2524,24.0402,23.0329,60.7009,sepolia
220,187432.35794,2024-08-29T02:56:12.964Z,30,2590.29,2590.29,2590.29,2590.29,10.79472001605376,12.619545650889545,9.590191718661211,22.396164307303117,25.3291,26.8404,24.7696,46.9714,sepolia
221,181648.30335000003,2024-08-29T02:26:11.381Z,30,2590.29,2590.29,2590.29,2590.29,11.841014670928331,8.523030328477068,8.007425461216078,22.254525424474604,29.872,22.83,19.0594,38.8203,sepolia
222,184713.73257000005,2024-08-29T01:56:09.877Z,30,2590.29,2590.29,2590.29,2590.29,11.562334580502661,4.624140273617907,4.624140273617907,17.36067146480081,28.0134,12.2887,10.2604,33.4275,sepolia
223,189973.16837000006,2024-08-29T01:26:08.219Z,30,2590.29,2590.29,2590.29,2590.29,5.083703590643243,6.529228395321999,5.083703590643243,17.116318369872616,18.3597,13.627,11.6273,23.8784,sepolia
224,236488.49032333333,2024-08-29T00:56:07.158Z,30,2590.29,2590.29,2590.29,2590.29,7.737974153889232,2.4792831473746184,1.6672930279221343,7.737974153889232,10.0118,4.0475,3.1143,12.2902,sepolia
225,218748.68321666672,2024-08-29T00:26:05.244Z,30,2590.29,2590.29,2590.29,2590.29,1.9726428485605092,2.754839895909213,1.0684984676171179,5.192810490912823,4.244,4.5621,2.2417,5.6473,sepolia
226,204703.57405666666,2024-08-28T23:56:03.533Z,30,2590.29,2590.29,2590.29,2590.29,1.9481588459103603,2.4014220295096895,1.9481588459103603,6.380454392991048,5.7173,5.0253,4.035,8.7327,sepolia
227,278433.4942566667,2024-08-28T23:26:01.968Z,30,2590.29,2590.29,2590.29,2590.29,3.369444753326294,1.8065972430762587,1.4144272858680902,5.529256990217828,7.1949,3.5971,2.7447,7.5521,sepolia
228,243426.69285333328,2024-08-28T22:56:00.568Z,30,2590.29,2590.29,2590.29,2590.29,3.955439577446247,1.434768516274146,1.1132065989343884,3.955439577446247,2.9979,3.0458,1.989,3.9177,sepolia
229,208846.78161999997,2024-08-28T22:25:58.909Z,30,2590.29,2590.29,2590.29,2590.29,1.7663215823805425,4.860916334694852,1.4611170313223112,5.66510160443795,3.1845,10.263,2.6454,11.8582,sepolia
230,351383.0612099999,2024-08-28T21:55:57.342Z,30,2590.29,2590.29,2590.29,2590.29,6.549512638542577,6.590032367629518,4.602056494810762,106.53156476783064,12.0509,8.9679,7.2671,23.3427,sepolia
231,214099.54419999997,2024-08-28T21:25:55.807Z,30,2590.29,2590.29,2590.29,2590.29,4.9714106851580855,4.444836170473368,2.7821553955118277,6.8475715072412235,7.6096,8.0373,5.3245,10.511,sepolia
232,198958.45469666665,2024-08-28T20:55:54.418Z,30,2590.29,2590.29,2590.29,2590.29,4.850258906045277,6.343985604609228,4.1675655263404465,7.620135747894333,9.0162,14.2643,8.3785,16.3042,sepolia
233,195713.48046999998,2024-08-28T20:25:52.876Z,30,2590.29,2590.29,2590.29,2590.29,8.58084855994423,6.691464358942345,5.036741460955446,8.58084855994423,15.8777,14.3406,9.8007,16.6574,sepolia
234,199768.88669333333,2024-08-28T19:55:51.174Z,30,2590.29,2590.29,2590.29,2590.29,7.5360148372923375,1.5848537869497477,1.2743088543558314,7.74267269550139,13.7022,2.8718,2.6221,14.43,sepolia
235,192579.94654333338,2024-08-28T19:25:49.648Z,30,2590.29,2590.29,2590.29,2590.29,1.3288071358628315,1.730827088317566,0.8693375744860516,3.005131452133702,2.7145,3.2333,2.0928,3.8693,sepolia
236,187448.59082666665,2024-08-28T18:55:48.143Z,30,2590.29,2590.29,2590.29,2590.29,1.7401319263157204,2.4099524882853682,1.4302970403099249,2.644274961262704,3.1421,4.8167,2.0084,5.5192,sepolia
237,179176.50630333333,2024-08-28T18:25:46.881Z,30,2590.29,2590.29,2590.29,2590.29,2.3886339135000276,6.18295919817688,1.5073344021580999,6.18295919817688,4.7079,11.8577,3.319,11.9021,sepolia
238,180195.37507999997,2024-08-28T17:55:44.947Z,30,2590.29,2590.29,2590.29,2590.29,4.955640286967894,4.274403509793343,3.1668550911499063,6.032611371535267,9.3099,10.3187,7.5262,11.3911,sepolia
239,198361.18759999998,2024-08-28T17:25:43.550Z,30,2590.29,2590.29,2590.29,2590.29,5.361148292889361,5.66368550650449,4.4312686844274305,16.95608349327276,10.3369,12.0177,9.6536,17.0756,sepolia
240,195689.92365999997,2024-08-28T16:55:41.915Z,30,2590.29,2590.29,2590.29,2590.29,7.020142292136419,5.789327341969969,3.173602320733483,7.734212628410784,11.9698,9.2643,7.5287,13.2138,sepolia
241,196575.4017366667,2024-08-28T16:25:40.467Z,30,2590.29,2590.29,2590.29,2590.29,5.188754607562159,3.016043904612898,1.6460525355517646,5.188754607562159,7.1047,6.4416,3.5777,9.2779,sepolia
242,187212.28082068966,2024-08-28T15:56:38.976Z,29,2590.29,2590.29,2590.29,2590.29,3.2393783359885657,3.4205321604189307,1.1158154947059458,5.644355920209378,4.9002,8.5611,2.3256,8.8314,sepolia
243,152162.04065333333,2024-08-28T15:26:37.462Z,30,2590.29,2590.29,2590.29,2590.29,3.4185674520905045,35.03851656174481,2.796148530873142,35.03851656174481,8.3773,83.8927,7.4502,83.8927,sepolia
244,190092.23478333332,2024-08-28T14:56:35.815Z,30,2590.29,2590.29,2590.29,2590.29,27.05718320316754,53.72977611590915,27.05718320316754,93.0012654722543,96.9476,99.4258,82.4586,157.224,sepolia
245,189862.33012333335,2024-08-28T14:26:34.312Z,30,2590.29,2590.29,2590.29,2590.29,44.83848743580457,18.812170289303626,13.813166310754037,63.170753017386666,99.4192,40.9063,33.0938,105.7971,sepolia
246,174922.00680333335,2024-08-28T13:56:32.461Z,30,2590.29,2590.29,2590.29,2590.29,17.46838853211328,29.071662115095222,13.119023723213104,63.82749117685313,33.0005,51.8494,29.8035,74.7234,sepolia
247,164321.07541333334,2024-08-28T13:26:30.960Z,30,2590.29,2590.29,2590.29,2590.29,14.758299573683638,39.76016372344418,14.28123126002221,45.49041471153209,55.0179,108.9012,34.5669,114.6324,sepolia
248,197433.23842666665,2024-08-28T12:56:29.129Z,30,2590.29,2590.29,2590.29,2590.29,43.58591386279904,22.264806712018252,12.784306761308471,96.33294784718484,124.6003,39.2173,31.5512,154.6478,sepolia
249,158316.37756000002,2024-08-28T12:26:27.548Z,30,2590.29,2590.29,2590.29,2590.29,13.050689406087661,33.2295979004211,13.050689406087661,33.2295979004211,32.8829,88.0037,30.9576,100.9542,sepolia
250,200936.0914,2024-08-28T11:56:25.772Z,30,2590.29,2590.29,2590.29,2590.29,42.699673763849376,32.85679852186967,19.961805799003645,79.85538571008632,100.7588,38.0986,30.8175,116.897,sepolia
251,172453.59509333328,2024-08-28T11:26:24.211Z,30,2590.29,2590.29,2590.29,2590.29,11.669678368161133,49.41334679339024,9.784944518560666,49.41334679339024,28.5711,50.8137,26.4453,66.0471,sepolia
252,167554.87704333334,2024-08-28T10:56:22.408Z,30,2590.29,2590.29,2590.29,2590.29,17.001904990087773,20.975627297923978,10.77188377342739,21.93641240035633,36.1521,54.2672,27.3426,60.2401,sepolia
253,196799.31372000003,2024-08-28T10:26:21.078Z,30,2590.29,2590.29,2590.29,2590.29,29.659596326117057,12.85136800771669,12.85136800771669,70.08574636522883,58.5454,25.1409,22.4831,112.8604,sepolia
254,177117.82362,2024-08-28T09:56:19.258Z,30,2590.29,2590.29,2590.29,2590.29,11.389613530338723,7.212136028776122,5.020617361522846,14.329619560064671,23.303,16.323,12.5672,24.6923,sepolia
255,175296.65891666664,2024-08-28T09:26:17.410Z,30,2590.29,2590.29,2590.29,2590.29,6.77280772897126,21.423301750155115,6.77280772897126,37.9484441041921,19.613,46.4632,16.5439,54.9958,sepolia
256,166651.51664333328,2024-08-28T08:56:15.744Z,30,2590.29,2590.29,2590.29,2590.29,10.934819762845477,70.14603031720108,10.934819762845477,86.90364291962973,47.4803,144.7959,35.3426,177.9992,sepolia
257,197422.57318666662,2024-08-28T08:26:14.055Z,30,2590.29,2590.29,2590.29,2590.29,87.76619475261057,24.937709673044523,17.008485864206026,87.76619475261057,131.805,49.4188,45.7115,143.917,sepolia
258,167663.41726666671,2024-08-28T07:56:12.442Z,30,2590.29,2590.29,2590.29,2590.29,27.57929175310817,29.036458446871293,14.253441641118897,52.60130772587509,42.8866,68.8443,38.5515,111.1691,sepolia
259,185511.7206166667,2024-08-28T07:26:10.856Z,30,2590.29,2590.29,2590.29,2590.29,44.10910251995963,18.47423859861248,11.104056867761118,48.87361259753846,66.1832,31.8556,29.502,76.7551,sepolia
260,177975.83764666665,2024-08-28T06:56:09.147Z,30,2590.29,2590.29,2590.29,2590.29,12.922071757298104,14.170004063339945,6.773502440751794,45.46330641801064,27.1835,28.4363,21.8307,66.5265,sepolia
261,191096.93850666666,2024-08-28T06:26:07.876Z,30,2590.29,2590.29,2590.29,2590.29,18.68727514096259,4.468167859180254,2.9570675489704827,20.292732170961365,22.8739,10.5285,7.7402,31.7606,sepolia
262,188305.04347000003,2024-08-28T05:56:05.933Z,30,2590.29,2590.29,2590.29,2590.29,4.7200221503124675,3.1577954791481373,2.1465499566664787,6.32230377879024,10.8917,6.9915,4.2828,10.9301,sepolia
263,182284.2719033333,2024-08-28T05:26:04.890Z,30,2590.29,2590.29,2590.29,2590.29,2.9637990851737683,3.7127298524893555,2.1997769102021514,6.81170654649531,6.8233,6.1496,4.3598,12.6842,sepolia
264,182319.01005333327,2024-08-28T04:56:02.659Z,30,2590.29,2590.29,2590.29,2590.29,2.3589263617285807,5.222787944110298,1.204341552596517,5.222787944110298,4.1201,9.8425,2.0173,10.3186,sepolia
265,187110.50502000004,2024-08-28T04:26:01.121Z,30,2590.29,2590.29,2590.29,2590.29,4.828441951035341,11.935559140659596,3.419824221888903,31.39005420300632,9.5375,18.9982,8.5044,45.4577,sepolia
266,196925.30659999998,2024-08-28T03:55:59.449Z,30,2590.29,2590.29,2590.29,2590.29,9.255047397982814,6.117849454170725,2.5866304522374888,11.328098165054325,16.4063,9.7694,6.5087,19.2311,sepolia
267,196607.38014000002,2024-08-28T03:25:57.833Z,30,2590.29,2590.29,2590.29,2590.29,6.781146286001993,1.594843141584552,1.0710201941881277,6.781146286001993,9.4634,3.5669,2.3517,10.2715,sepolia
268,203079.89643333334,2024-08-28T02:55:56.257Z,30,2590.29,2590.29,2590.29,2590.29,1.7655388771663068,0.28691086952406214,0.28691086952406214,2.212850041423414,1.9472,0.4728,0.4728,3.2517,sepolia
269,221791.64500666672,2024-08-28T02:25:54.654Z,30,2590.29,2590.29,2590.29,2590.29,0.731540191550265,0.43048753861762507,0.043854028615789985,1.6199938941226493,1.8313,1.0214,0.1024,2.5626,sepolia
270,173814.82059000002,2024-08-28T01:55:53.102Z,30,2590.29,2590.29,2590.29,2590.29,0.046610653020526055,0.44693530236318013,0.0419946199166717,0.6136522696892707,0.1064,1.028,0.0792,1.5269,sepolia
271,188135.20145666666,2024-08-28T01:25:51.619Z,30,2590.29,2590.29,2590.29,2590.29,0.4882249646640786,0.45422641629148636,0.02321003159821964,0.6644548635286643,0.12,1.0325,0.0449,1.551,sepolia
272,207681.15361,2024-08-28T00:55:49.952Z,30,2590.29,2590.29,2590.29,2590.29,0.51218502178249,0.5149248648705259,0.01969900472263088,0.6578783722963842,1.0372,1.0195,0.02,1.2314,sepolia
273,207281.94226999997,2024-08-28T00:25:48.419Z,30,2590.29,2590.29,2590.29,2590.29,0.046317785033333704,0.08782567842714162,0.022247550644381598,0.9176012003811205,1.0215,0.1185,0.0337,1.5369,sepolia
274,203107.38981000002,2024-08-27T23:55:46.804Z,30,2590.29,2590.29,2590.29,2590.29,0.07987768578567381,0.6567925824839914,0.03409209835313219,0.7597784527737439,0.1,0.9062,0.0995,1.1999,sepolia
275,249850.80176999996,2024-08-27T23:25:45.399Z,30,2590.29,2590.29,2590.29,2590.29,0.6525163446500087,0.5338680933017265,0.04732958290901976,2.167602968115498,1.1019,1.1352,0.11,1.6071,sepolia
276,238133.2583466667,2024-08-27T22:55:44.652Z,30,2590.29,2590.29,2590.29,2590.29,1.8783282541232982,0.49470235348697117,0.0334387108701846,1.8783282541232982,1.1492,1.1567,0.12,1.1771,sepolia
277,209980.78587,2024-08-27T22:25:42.278Z,30,2590.29,2590.29,2590.29,2590.29,0.9865604512164992,0.036075331315182604,0.036075331315182604,1.088741505156379,0.2925,0.12,0.12,1.191,sepolia
278,209422.0742866667,2024-08-27T21:55:40.656Z,30,2590.29,2590.29,2590.29,2590.29,0.752115015066336,0.6100095666932347,0.04985007534840383,1.0190370083860176,1.1341,1.1271,0.12,1.1623,sepolia
279,218452.24954999998,2024-08-27T21:25:39.291Z,30,2590.29,2590.29,2590.29,2590.29,0.7310518672096828,0.5859472920364192,0.041822380053163084,1.2878050940870602,1.1268,1.6028,0.12,1.7604,sepolia
280,220429.3337965518,2024-08-27T20:56:37.581Z,29,2590.29,2590.29,2590.29,2590.29,0.43341516095785976,1.704346467201559,0.43341516095785976,3.631939262514509,1.066,2.5191,0.892,3.6639,sepolia
281,213431.0985,2024-08-27T20:26:36.013Z,30,2590.29,2590.29,2590.29,2590.29,2.864798678512879,8.321596073575904,0.4803366849661877,13.50918149144312,2.473,12.0821,1.502,19.3134,sepolia
282,258896.19114333333,2024-08-27T19:56:34.521Z,30,2590.29,2590.29,2590.29,2590.29,10.443941391746405,1.316010686877159,1.2066227613237945,10.443941391746405,7.7364,3.3523,1.7184,10.4213,sepolia
283,227996.14105666667,2024-08-27T19:26:32.971Z,30,2590.29,2590.29,2590.29,2590.29,1.512239571228657,1.9721463156382675,1.3702417573434658,9.567080596747811,2.9375,3.7707,2.6424,13.5935,sepolia
284,226323.296,2024-08-27T18:56:31.383Z,30,2590.29,2590.29,2590.29,2590.29,2.572763180094609,2.590028245233922,1.260539519265063,5.810517431083865,4.2497,5.0703,2.7448,6.3294,sepolia
285,196302.5361266667,2024-08-27T18:26:29.812Z,30,2590.29,2590.29,2590.29,2590.29,2.2846529284989336,6.316572870085685,2.0621477158083246,8.38041444795824,6.0494,13.3714,4.0,14.5917,sepolia
286,190174.1822766667,2024-08-27T17:56:28.009Z,30,2590.29,2590.29,2590.29,2590.29,6.18161616695374,22.30370896340609,6.003612419278894,27.36890549514436,14.0939,45.5933,12.9309,49.4725,sepolia
287,191894.25238333334,2024-08-27T17:26:27.244Z,30,2590.29,2590.29,2590.29,2590.29,21.74388833174864,31.47771379609738,20.96576672316969,41.43806720145808,52.4743,68.7391,46.5153,80.8585,sepolia
288,196850.70509,2024-08-27T16:56:24.807Z,30,2590.29,2590.29,2590.29,2590.29,34.56253020060341,25.28783346627668,23.171468036748855,49.23290021785454,69.6754,58.0049,54.6602,100.216,sepolia
289,225294.04855000004,2024-08-27T16:26:23.234Z,30,2590.29,2590.29,2590.29,2590.29,26.068632181095857,30.04424312165127,26.068632181095857,137.49710246013075,59.9429,60.8426,56.7675,84.2105,sepolia
290,195027.44301333334,2024-08-27T15:56:21.528Z,30,2590.29,2590.29,2590.29,2590.29,37.18121332663002,16.46070941637379,11.104621307360533,45.141424932967105,65.4798,28.8262,26.4795,70.9059,sepolia
291,187048.66617333333,2024-08-27T15:26:19.885Z,30,2590.29,2590.29,2590.29,2590.29,15.882421882404715,14.50446659988602,6.109934315781779,16.469894325588427,25.6615,28.3249,15.8615,28.7739,sepolia
292,589714.10644,2024-08-27T14:56:18.290Z,30,2590.29,2590.29,2590.29,2590.29,13.72745649438786,90.47443787825735,11.637015948398444,1051.5518135482796,28.5977,96.5906,27.5662,133.5025,sepolia
293,202839.95518333334,2024-08-27T14:26:17.062Z,30,2590.29,2590.29,2590.29,2590.29,65.21312298965465,17.096707208590303,15.542702287231256,66.50415357760848,70.0789,36.5632,33.7247,89.2454,sepolia
294,188430.28635000004,2024-08-27T13:56:15.060Z,30,2590.29,2590.29,2590.29,2590.29,16.954781943651582,5.312013564129424,3.8155174371038605,21.380946258331736,36.8099,11.0542,8.6646,37.6711,sepolia
295,187301.98967333333,2024-08-27T13:26:13.454Z,30,2590.29,2590.29,2590.29,2590.29,4.399409651096694,2.7751489779936525,2.180925758500093,9.925076458666847,11.182,6.0901,4.0,11.3985,sepolia
296,169723.2912933333,2024-08-27T12:56:11.760Z,30,2590.29,2590.29,2590.29,2590.29,2.9091214424141034,4.56172048893346,1.8470503371333113,7.541315879669917,6.1587,11.6154,4.0,13.2787,sepolia
297,169634.0585266667,2024-08-27T12:26:10.184Z,30,2590.29,2590.29,2590.29,2590.29,5.261688558755894,13.909832951706866,4.660690604038815,13.909832951706866,13.118,30.2103,11.0579,30.2103,sepolia
298,167446.82084,2024-08-27T11:56:08.525Z,30,2590.29,2590.29,2590.29,2590.29,12.623216527248204,11.021811632170557,7.407644164269673,21.480605775865715,29.0057,29.7935,18.4655,35.0543,sepolia
299,168021.45687333337,2024-08-27T11:26:06.913Z,30,2590.29,2590.29,2590.29,2590.29,14.36084720996126,10.853385871079617,10.006730753969409,22.298846979591303,35.6497,33.6698,26.6292,43.0733,sepolia
